comid,known_baseflow,qout_median,qout_max,rp2,rp5,rp10,rp25,rp50,rp100,qout_max_premium,rp100_premium
760694790,18.756999969482422,8.04,307.94,138.977,179.559,202.96,229.36,247.107,263.467,461.9100036621094,395.2005
760551437,1.95,1.95,531.65,102.017,167.187,214.571,278.174,327.808,379.083,797.4750366210938,568.6245
760631309,13.08,13.08,644.07,183.997,298.632,378.259,480.709,557.483,634.166,966.105010986328,951.249
760659987,6292.3701171875,961.07,11994.89,5098.876,7401.713,8877.688,10674.59,11962.582,13208.354,17992.33447265625,19812.531
760703001,0.007000000216066837,0.0,32.25,2.329,4.831,7.882,14.501,22.595,34.843,48.375,52.264500000000005
760580122,1.25,2.27,539.11,151.92,244.988,310.67,396.593,462.071,528.421,808.6649780273438,792.6315000000001
750125088,1.0099999904632568,2.61,577.85,130.727,196.172,245.729,315.606,373.071,435.295,866.7749633789062,652.9425
760496164,1.5049999952316284,0.9,581.1,108.974,213.551,296.83,414.79,510.311,611.28,871.6499633789062,916.92
760649766,6.85,6.85,466.02,84.313,129.671,166.437,221.41,269.115,323.105,699.0299835205078,484.6575
710441003,19.38,19.38,2487.13,410.067,746.048,1047.259,1534.562,1986.647,2525.484,3730.69482421875,3788.226
760559663,22.48699951171875,6.11,626.95,193.762,321.028,405.951,510.502,585.366,657.244,940.4250183105468,985.866
770514997,35.25699996948242,2.62,1229.09,384.735,640.496,823.897,1066.065,1251.799,1440.758,1843.6349487304688,2161.137
750237767,277.6679992675781,203.2,11083.19,2613.867,4333.43,5779.282,8002.102,9976.135,12249.719,16624.78564453125,18374.5785
760416330,24.04,24.04,905.95,218.687,343.224,432.333,550.995,643.186,738.246,1358.9250183105469,1107.369
760551508,0.23000000417232513,0.18,338.15,74.985,131.853,174.151,231.412,276.2,322.411,507.22499084472656,483.6165
760703065,25.642000198364258,40.53,1289.97,443.927,671.588,827.784,1028.95,1180.7,1333.592,1934.9549560546875,2000.388
760533085,60.733001708984375,10.66,603.95,246.256,369.923,438.796,511.428,556.397,594.769,905.9250183105468,892.1535
770513014,1.0570000410079956,0.05,814.63,131.781,279.258,401.195,577.442,721.937,875.666,1221.9450073242188,1313.499
760076411,0.25999999046325684,0.09,120.87,31.142,47.831,59.694,75.446,87.668,100.269,181.30500411987305,150.4035
760641666,567.677978515625,99.36,4219.44,978.494,1601.981,2121.58,2914.739,3614.814,4417.235,6329.159912109375,6625.852499999999
760301701,0.032999999821186066,0.05,24.21,10.702,16.124,19.664,24.018,27.161,30.213,36.31499862670898,45.319500000000005
750133387,74.2249984741211,59.13,4024.15,829.351,1301.213,1657.144,2155.023,2560.47,2995.341,6036.224853515625,4493.0115
760764569,3.497999906539917,3.99,1126.77,282.075,500.752,651.968,841.686,979.148,1111.96,1690.155029296875,1667.94
760639645,33.654998779296875,15.43,716.57,251.169,391.254,477.305,576.37,643.13,704.22,1074.855010986328,1056.33
760682655,15.29,15.29,341.59,118.95,177.143,216.082,265.205,301.573,337.67,512.3849945068359,506.505
760844456,4.36,4.36,2235.98,387.298,684.012,909.304,1220.347,1468.293,1728.216,3353.969970703125,2592.3239999999996
750137514,261.1340026855469,403.6,11665.36,3004.193,4279.789,5211.444,6489.075,7514.986,8605.523,17498.04052734375,12908.284499999998
760535215,5.236000061035156,2.56,256.42,71.909,105.456,132.961,174.543,211.032,252.745,384.6300201416016,379.1175
760443059,0.10999999940395355,0.14,62.07,19.099,29.552,36.177,44.056,49.544,54.709,93.10499954223631,82.0635
770584764,6.7779998779296875,8.62,4657.77,1149.874,2032.167,2690.101,3582.109,4280.535,5001.591,6986.655029296875,7502.3865
750115015,229.94500732421875,389.16,11491.7,2938.582,4189.647,5100.544,6346.295,7344.055,8402.428,17237.55029296875,12603.642
750115016,1.9270000457763672,3.21,683.91,160.228,255.263,322.899,412.288,481.154,551.62,1025.8649597167969,827.4300000000001
760666331,7.62,7.62,559.02,198.526,301.714,362.62,430.453,474.785,514.367,838.530029296875,771.5504999999999
720206044,0.06700000166893005,0.03,21.86,3.364,5.783,7.778,10.777,13.381,16.317,32.790000915527344,24.4755
750084317,0.31200000643730164,1.21,278.29,57.584,95.688,128.788,181.221,229.116,285.611,417.4350128173828,428.4165
760504545,0.8500000238418579,0.98,167.29,46.724,76.055,97.993,128.283,152.586,178.295,250.9349899291992,267.4425
740292835,33.694000244140625,83.11,1087.81,381.475,536.971,642.603,778.75,881.997,986.748,1631.715087890625,1480.122
760588516,19.530000686645508,2.22,599.02,257.473,352.365,414.26,491.481,548.369,604.78,898.530029296875,907.17
770519273,175.99,175.99,4575.54,1363.807,2105.275,2673.608,3481.747,4150.729,4878.528,6863.31005859375,7317.792
760596716,28.285999298095703,3.41,369.72,101.892,152.696,189.491,239.352,278.857,320.332,554.5800018310547,480.498
760541424,17.922000885009766,8.52,602.79,165.239,272.263,351.43,459.365,544.841,634.227,904.1849670410156,951.3405
760557808,0.7360000014305115,0.76,132.05,29.923,48.002,61.338,79.551,94.027,109.229,198.07500457763672,163.8435
760514802,17.92300033569336,5.21,406.4,117.569,174.451,211.424,256.847,289.637,321.508,609.5999908447266,482.26199999999994
760615170,13.27299976348877,6.79,882.67,287.208,412.387,500.153,616.225,706.308,799.403,1324.0049743652344,1199.1045
720199958,0.6690000295639038,1.33,63.03,31.892,41.985,48.202,55.614,60.858,65.896,94.54499816894533,98.844
760647962,113.22699737548828,58.51,2096.28,733.141,1063.864,1273.72,1526.85,1706.673,1879.314,3144.4200439453125,2818.971
750123294,4.29,4.29,912.16,226.618,356.158,452.958,587.163,695.521,810.906,1368.2399597167969,1216.359
760711458,14.15,14.15,429.72,179.05,228.569,258.768,294.599,319.88,344.137,644.5800018310547,516.2055
760650018,30.400999069213867,19.23,827.2,196.807,297.308,377.147,494.534,594.881,707.072,1240.8000183105469,1060.608
760623396,0.593999981880188,0.81,403.22,98.904,156.662,198.86,256.084,301.297,348.563,604.8300018310547,522.8444999999999
760664372,188.17599487304688,188.76,2789.04,1042.241,1472.684,1737.163,2048.312,2264.539,2468.606,4183.56005859375,3702.909000000001
760568116,1.87,1.87,380.46,112.626,186.116,235.236,295.846,339.355,381.224,570.6899871826172,571.836
720204095,35.57,35.57,982.7,516.314,695.753,803.622,929.061,1015.59,1096.928,1474.0500183105469,1645.3920000000005
750082368,4.767000198364258,11.24,155.69,57.065,87.546,108.631,135.932,156.612,177.508,233.53500366210935,266.262
770394435,0.9670000076293945,0.0,426.44,46.307,86.639,118.502,163.739,200.615,239.907,639.6600036621094,359.8605
770459991,0.0,0.02,542.77,74.144,154.736,226.413,338.768,438.784,553.14,814.155029296875,829.71
720193881,73.86199951171875,22.95,833.6,367.643,494.099,569.094,655.284,714.081,768.85,1250.3999633789062,1153.275
760549738,77.38300323486328,37.42,1692.69,612.015,894.39,1080.415,1312.452,1482.62,1650.325,2539.034912109375,2475.4875
760269166,2.122999906539917,9.5,1646.46,353.116,594.978,786.257,1063.321,1295.564,1550.142,2469.68994140625,2325.213
760746356,21.39699935913086,37.99,5014.5,1338.571,2127.318,2663.568,3342.188,3843.473,4338.633,7521.75,6507.9495
760727932,3.2669999599456787,5.43,328.7,84.203,120.948,150.589,194.788,233.099,276.458,493.0500183105469,414.687
760656262,74.4729995727539,15.81,660.25,170.012,252.921,312.799,393.805,457.907,525.156,990.375,787.7339999999999
760781192,724.2360229492188,296.47,5243.08,1755.849,2443.236,2921.506,3551.6,4039.564,4543.382,7864.6201171875,6815.072999999999
720079258,0.328000009059906,1.53,266.92,96.455,137.779,163.873,195.297,217.613,239.047,400.3800201416016,358.5705
740112798,2.861999988555908,9.75,452.29,121.926,187.482,239.786,316.901,382.954,456.897,678.4350128173828,685.3455
750127519,20.731000900268555,92.28,2772.31,870.855,1316.061,1643.292,2092.266,2452.012,2833.148,4158.465087890625,4249.722
760746400,10.82,10.82,350.46,120.34,184.255,230.392,292.559,341.489,392.539,525.6899871826172,588.8085
750162348,23.886999130249023,88.65,6087.03,1049.311,1645.126,2082.388,2678.735,3152.81,3651.151,9130.544677734377,5476.7265
760656307,2.82,2.82,436.72,115.126,193.5,246.799,313.445,361.842,408.829,655.0800018310547,613.2435
710736311,1.2480000257492065,1.33,398.36,78.088,158.653,227.943,333.42,424.85,527.147,597.5399780273438,790.7205000000001
750150080,1.1169999837875366,17.87,2664.37,481.618,786.818,1035.142,1405.986,1726.619,2087.797,3996.55517578125,3131.6955
760728003,23.496999740600586,82.36,1605.8,674.978,938.209,1122.372,1366.169,1555.825,1752.37,2408.7000732421875,2628.555
760672712,3.812000036239624,6.63,391.5,77.229,137.562,189.428,270.207,342.55,426.269,587.25,639.4035
760611272,5.55,5.55,397.04,119.091,194.227,250.037,326.562,387.546,451.684,595.5600128173828,677.5260000000001
760576460,85.54299926757812,42.67,1041.63,365.991,529.763,636.138,767.308,862.517,955.584,1562.4450073242188,1433.376
760613334,42.9119987487793,10.26,1530.25,336.556,531.011,684.569,908.441,1097.975,1307.952,2295.375,1961.928
760506843,0.0,0.01,259.42,58.307,101.912,129.471,161.116,182.112,200.946,389.1300201416016,301.419
750113255,4.644999980926514,1.45,436.29,71.398,119.598,158.613,216.43,265.986,321.352,654.4350128173828,482.028
760539639,6.815999984741211,6.42,1102.03,249.007,426.068,551.164,712.996,834.335,955.273,1653.0450439453125,1432.9095
740190722,8.723999977111816,21.18,562.39,198.351,285.433,342.099,412.16,463.164,513.156,843.5850219726562,769.7339999999999
740229634,17.18,17.18,338.17,152.104,192.69,219.983,255.097,281.778,308.949,507.2550201416016,463.4235
760666632,7.630000114440918,4.59,359.45,99.522,145.815,178.935,223.44,258.463,295.052,539.1750183105469,442.578
760592909,7.400000095367432,7.15,1061.16,245.31,418.172,538.824,693.148,807.61,920.667,1591.7400512695312,1381.0005
760666651,2.62,2.62,561.95,154.072,248.375,318.149,413.642,489.668,569.599,842.9250183105469,854.3985
760637986,87.28299713134766,19.45,648.72,186.244,270.647,327.469,399.824,453.969,508.242,973.0799560546876,762.363
760842792,0.5740000009536743,4.3,2236.79,386.54,683.499,908.963,1220.15,1468.111,1727.946,3355.18505859375,2591.919
760674858,2.5250000953674316,8.87,352.75,114.88,178.196,225.31,290.486,343.039,398.962,529.125,598.443
750094891,0.2070000022649765,0.47,170.45,45.809,68.204,84.633,107.169,125.236,144.396,255.67499542236328,216.594
760709676,7.17,7.17,460.03,85.005,130.229,167.156,222.736,271.272,326.494,690.0449981689453,489.741
760674861,2.97,2.97,481.85,91.842,152.062,203.921,285.435,359.363,446.043,722.7750091552734,669.0645
760637998,51.465999603271484,25.56,1084.75,347.538,551.784,690.676,866.512,996.461,1124.88,1627.125,1687.3200000000002
750283313,9.562999725341797,1.75,513.84,91.369,147.608,198.046,280.391,357.842,451.554,770.7600402832031,677.3309999999999
760807986,4460.86376953125,1896.53,13567.79,7054.644,9390.798,10763.817,12331.573,13395.204,14381.906,20351.68505859375,21572.859
710795843,148.64199829101562,27.7,4685.63,1268.595,2107.479,2668.207,3359.263,3854.489,4330.214,7028.44482421875,6495.321
760529483,25.450000762939453,24.03,907.53,219.004,343.742,432.99,551.833,644.16,739.356,1361.2950439453125,1109.034
750117456,66.66899871826172,92.44,2765.17,869.649,1313.921,1640.496,2088.618,2447.723,2828.22,4147.7548828125,4242.33
750099026,0.1550000011920929,1.63,587.12,166.55,239.955,291.278,358.964,411.347,465.352,880.6799926757812,698.028
750099032,3.359999895095825,0.59,182.3,37.543,62.018,81.842,111.285,136.595,164.956,273.4500045776367,247.43399999999997
760521316,0.9919999837875366,1.94,298.23,81.39,152.388,203.658,270.0,319.306,367.846,447.3450164794922,551.769
710857316,2.08,2.08,573.42,162.974,267.265,337.154,423.77,486.266,546.691,860.1299743652344,820.0365
750103144,0.30000001192092896,0.14,60.0,13.605,22.944,30.486,41.629,51.149,61.755,90.0,92.6325
750166646,17.45,17.45,1846.05,553.035,858.395,1078.66,1374.702,1606.93,1848.43,2769.0750732421875,2772.645
710673027,7.6479997634887695,10.64,1517.08,260.743,437.007,578.848,787.872,966.062,1164.238,2275.6199340820312,1746.357
760771205,1213.498046875,521.83,7325.43,2798.985,3839.601,4555.972,5492.198,6212.28,6951.859,10988.145263671877,10427.7885
750129817,6.058000087738037,11.2,1190.41,374.173,547.961,672.25,839.202,970.547,1107.736,1785.6150512695312,1661.6040000000005
760593054,153.38900756835938,19.04,650.45,181.822,265.136,322.343,396.469,452.851,510.129,975.6750183105468,765.1935000000001
760638117,4.12,4.12,396.21,74.384,121.631,162.211,225.899,283.604,351.23,594.3149871826172,526.845
710853286,4.8420000076293945,4.34,257.39,108.009,156.981,187.946,225.165,251.51,276.726,386.08502197265625,415.089
750138023,13.149999618530273,78.8,1063.83,408.642,619.019,775.541,992.613,1168.291,1355.953,1595.7449340820312,2033.9295
760593068,48.79999923706055,24.7,1062.12,340.581,543.489,682.834,860.746,993.266,1125.063,1593.1799926757812,1687.5945000000002
760771248,141.08999633789062,18.99,920.34,216.986,328.165,409.921,522.132,612.067,707.37,1380.5100402832031,1061.055
750107327,1.4900000095367432,2.51,345.4,75.006,121.642,157.919,209.919,253.177,300.359,518.0999908447266,450.5385
760691392,12.583000183105469,5.07,297.66,77.648,105.103,128.789,165.879,199.42,238.713,446.49000549316406,358.0695
760494787,2.177000045776367,0.64,135.52,34.911,56.579,73.14,96.493,115.618,136.207,203.2800064086914,204.3105
740428484,8.45,8.45,294.28,36.048,62.204,85.197,121.913,155.649,195.6,441.4199981689453,293.4
710666950,0.07,0.07,144.25,18.355,37.258,53.002,76.18,95.618,116.754,216.375,175.131
760675015,2751.27294921875,265.76,6278.85,1876.486,2802.762,3496.905,4467.078,5258.518,6109.894,9418.275146484377,9164.841
760683220,833.5880126953125,80.99,1724.39,537.315,790.941,978.372,1237.438,1446.723,1670.129,2586.585021972656,2505.1935
740217561,80.61299896240234,64.7,1559.7,681.719,947.731,1095.935,1255.512,1357.293,1446.765,2339.5499267578125,2170.1475
710546137,0.22,0.22,1007.6,115.825,302.864,488.16,797.169,1083.335,1418.02,1511.3999633789062,2127.0299999999997
750133979,59.35,59.35,4018.09,829.241,1300.148,1654.756,2150.048,2552.837,2984.372,6027.1351318359375,4476.558
740053734,3.65,3.65,203.31,48.098,72.069,90.396,116.463,138.076,161.638,304.9649963378906,242.457
760646375,4.97,4.97,303.89,88.754,136.217,170.963,218.375,256.136,295.92,455.83502197265625,443.88
710482666,6.395999908447266,19.37,2487.09,410.079,746.066,1047.282,1534.593,1986.684,2525.527,3730.6351318359375,3788.2905
760503033,1.95,1.95,567.85,107.235,179.405,224.384,275.936,310.251,341.197,851.7749633789062,511.7955
750138109,8.359000205993652,20.2,1297.34,400.053,588.08,731.046,933.662,1101.208,1283.548,1946.0099487304688,1925.322
760779528,296.34,296.34,5242.74,1756.07,2443.71,2922.221,3552.706,4041.021,4545.244,7864.1103515625,6817.866
760619799,5.2,5.2,395.84,135.257,203.738,247.891,301.57,339.875,376.724,593.7599945068359,565.086
750115608,3.24,3.24,682.79,160.336,255.358,322.963,412.29,481.093,551.483,1024.1849670410156,827.2244999999999
750115614,1.371999979019165,3.0,348.95,74.911,120.337,155.728,206.592,249.035,295.462,523.4250183105469,443.193
760744736,0.7870000004768372,3.36,1194.93,268.387,480.784,640.159,856.954,1027.049,1202.844,1792.3950805664062,1804.266
760744755,0.16899999976158142,2.33,1325.47,309.762,553.693,734.854,978.856,1168.469,1362.862,1988.2049560546875,2044.293
720239425,0.01600000075995922,0.15,12.16,4.253,6.408,8.091,10.527,12.58,14.849,18.239999771118164,22.2735
750154561,106.15299987792969,134.12,1637.01,638.827,962.635,1186.229,1476.098,1696.21,1919.235,2455.515014648437,2878.8525
760646471,6.295000076293945,2.07,267.61,62.328,101.743,131.627,173.402,207.316,243.545,401.41497802734375,365.3175
760609608,17.709999084472656,5.48,397.11,118.844,193.987,249.971,326.949,388.452,453.277,595.6649780273438,679.9155
760603477,123.81400299072266,48.04,1362.45,313.085,454.147,569.802,744.628,898.042,1073.434,2043.6749267578125,1610.1509999999998
760556382,15.942999839782715,4.96,447.02,94.926,161.64,215.804,296.128,364.952,441.781,670.5299835205078,662.6715
760556394,103.74500274658203,20.12,1007.9,374.079,574.875,695.296,831.149,920.987,1001.95,1511.8500366210938,1502.9250000000002
760601460,2.674999952316284,2.82,689.95,172.515,287.514,377.538,506.877,614.524,731.864,1034.9250183105469,1097.796
760626059,9.630000114440918,3.72,302.0,69.073,109.642,138.671,177.259,207.161,237.914,453.0,356.871
720184215,0.03099999949336052,0.02,11.59,3.735,5.634,6.941,8.628,9.905,11.194,17.385000228881836,16.791
760662936,134.49600219726562,56.29,2052.68,728.87,1053.396,1257.761,1502.714,1675.723,1841.05,3079.019897460937,2761.575
750128031,0.6420000195503235,6.12,1281.88,315.0,493.337,629.249,821.21,978.989,1149.547,1922.8200073242188,1724.3205
760841128,4.29,4.29,2236.79,386.465,683.487,908.987,1220.194,1468.144,1727.942,3355.18505859375,2591.913
760708012,31.891000747680664,7.13,460.54,85.008,130.337,167.261,222.718,271.049,325.945,690.8100128173828,488.9175
760556464,19.02899932861328,20.33,642.58,188.73,273.607,329.873,400.545,452.752,504.53,963.8700256347656,756.795
750169008,16.69,16.69,2305.48,311.216,544.632,771.749,1170.154,1570.167,2081.139,3458.219970703125,3121.7085
760538036,8.711000442504883,2.6,267.95,85.409,129.422,157.21,190.279,213.375,235.189,401.9250183105469,352.7835
750158810,2.3570001125335693,0.44,278.03,77.206,117.373,144.178,177.79,202.488,226.827,417.0449981689453,340.2405
760708072,4.605000019073486,5.71,283.3,90.832,141.17,179.598,234.004,278.843,327.434,424.9499816894531,491.15100000000007
760134641,84.43599700927734,76.39,2861.67,828.245,1308.009,1685.402,2233.61,2696.126,3207.028,4292.5048828125,4810.5419999999995
720243701,3.0360000133514404,12.0,863.35,221.286,381.939,510.668,698.817,857.639,1032.613,1295.0249633789062,1548.9195
760787977,236.4600067138672,64.05,1947.1,560.264,860.364,1091.039,1420.042,1693.238,1991.266,2920.6499633789062,2986.8990000000003
760714254,7.25600004196167,6.57,385.09,149.926,236.002,287.238,344.245,381.32,414.218,577.6349945068359,621.327
760644624,87.59600067138672,17.22,654.88,172.142,255.06,314.489,394.372,457.219,522.84,982.3200073242188,784.26
750109722,41.0099983215332,28.26,1857.94,385.75,657.005,884.967,1234.302,1543.156,1897.234,2786.909912109375,2845.8509999999997
730033186,6.28,6.28,557.55,133.0,240.584,324.715,443.767,540.791,644.32,836.3249816894531,966.48
760607780,98.52200317382812,182.68,2795.56,1035.319,1464.143,1727.705,2037.81,2253.32,2456.709,4193.340087890625,3685.0635
760716327,30.666000366210938,6.9,466.09,84.544,129.827,166.537,221.436,269.088,323.029,699.1349945068359,484.5435
760742954,7.1,7.1,460.78,84.944,130.281,167.187,222.585,270.837,325.618,691.1699981689453,488.427
760636463,7.8379998207092285,25.69,1207.46,458.946,643.145,763.031,911.863,1020.838,1128.27,1811.18994140625,1692.405
760572975,33.334999084472656,4.69,346.66,97.039,152.735,191.98,243.466,282.886,323.033,519.9900054931641,484.5495
760513585,10.630999565124512,1.6,436.51,122.791,192.616,244.976,317.819,376.833,439.858,654.7650146484375,659.787
760591413,217.8820037841797,59.41,2476.13,838.344,1247.337,1499.476,1793.933,1996.149,2184.628,3714.19482421875,3276.942
750113847,1.47,1.47,433.05,70.301,117.315,155.271,211.407,259.441,313.039,649.5749816894531,469.5585
750132281,3.25600004196167,17.74,1816.79,424.682,656.789,832.381,1079.065,1280.936,1498.447,2725.18505859375,2247.6704999999997
760663099,8.675000190734863,13.48,540.15,171.755,271.298,348.172,457.971,549.138,648.503,810.2250366210938,972.7545
760575038,0.19900000095367432,0.8,80.95,22.944,36.737,47.546,63.171,76.283,90.697,121.42499542236328,136.0455
750091335,1.281999945640564,2.18,354.87,88.945,136.233,172.624,224.595,267.807,315.004,532.3049926757812,472.506
760548434,0.0,0.11,523.56,102.17,197.426,278.328,401.158,507.823,627.638,785.3399963378906,941.457
750117972,65.21299743652344,118.62,3393.69,1265.678,1788.532,2116.572,2509.993,2788.527,3055.493,5090.534912109375,4583.2395
760425558,13.935999870300293,19.08,2060.24,466.953,729.529,928.936,1209.746,1439.938,1688.237,3090.3599853515625,2532.3555
760697945,62.51300048828125,39.86,1076.76,363.462,528.82,637.909,774.253,874.468,973.434,1615.1400146484375,1460.1509999999998
750144602,0.22699999809265137,0.52,190.72,47.994,75.461,95.641,123.179,145.08,168.106,286.0800018310547,252.159
750117979,6.2820000648498535,5.84,487.78,105.346,164.822,211.458,279.068,336.027,398.885,731.6699981689453,598.3275
760644711,6.695000171661377,4.91,308.38,89.722,137.471,172.549,220.579,258.96,299.513,462.5700073242188,449.2695
740236395,7.573999881744385,3.9,148.87,69.241,94.633,110.48,129.495,142.998,155.991,223.30499267578125,233.98650000000004
750136428,15.64,15.64,1838.75,419.331,651.588,828.582,1078.77,1284.652,1507.484,2758.125,2261.2259999999997
750144626,1975.43505859375,432.58,11765.67,3067.255,4347.463,5274.784,6537.856,7545.909,8612.23,17648.5048828125,12918.345
760562806,1.0829999446868896,1.8,374.3,84.327,147.958,194.663,257.083,305.303,354.537,561.4499816894531,531.8054999999999
760501369,1.468999981880188,1.67,493.81,93.846,156.62,195.911,241.172,271.465,298.913,740.7149963378906,448.3695
710595717,0.0,0.03,513.46,79.741,183.38,281.595,442.764,591.56,766.325,770.1900329589844,1149.4875000000002
710904968,53.89699935913086,87.12,1496.47,845.808,1084.243,1211.801,1346.488,1431.434,1505.738,2244.7049560546875,2258.607
760540317,24.43899917602539,4.16,907.96,261.046,397.458,504.155,658.826,789.278,933.478,1361.9400329589844,1400.217
760566944,13.510000228881836,10.56,683.69,186.913,283.949,357.363,460.693,545.476,637.076,1025.5350036621094,955.614
760652961,15.42199993133545,34.48,867.27,358.47,480.312,550.544,629.241,681.637,729.476,1300.905029296875,1094.214
760689838,18.1,18.1,610.87,178.06,262.619,325.431,412.63,483.356,559.101,916.3049926757812,838.6514999999999
750179508,1.3619999885559082,0.77,84.36,6.552,11.537,16.629,25.967,35.745,48.697,126.54000091552734,73.0455
760519873,0.006000000052154064,0.02,129.4,26.573,51.138,69.968,95.715,115.881,136.614,194.09999084472656,204.921
750238913,2.7950000762939453,0.6,176.55,42.998,65.734,84.514,113.072,138.248,167.122,264.8250045776367,250.683
760607944,5.27,5.27,397.08,118.14,192.833,248.048,323.403,383.177,445.797,595.6199798583984,668.6955
750085322,16.010000228881836,12.66,171.13,63.94,98.459,124.322,160.355,189.618,220.953,256.69500732421875,331.4295
760601803,1.4299999475479126,2.32,343.92,103.83,166.739,215.059,283.593,340.067,401.195,515.8800201416016,601.7925
720229589,74.59,74.59,3706.17,891.095,1368.764,1687.056,2084.812,2375.886,2661.605,5559.2548828125,3992.4075
750130409,36.14400100708008,402.22,11665.23,3002.307,4278.755,5211.801,6492.214,7520.996,8615.131,17497.845703125,12922.696499999998
760628458,13.852999687194824,1.49,553.7,227.403,309.556,362.554,428.081,475.96,523.129,830.5500183105469,784.6935000000001
770520302,0.0,0.03,526.59,69.551,145.07,208.662,302.755,381.855,467.925,789.8850402832031,701.8875
760650991,9.237000465393066,10.0,744.17,174.676,272.257,339.484,425.963,490.977,556.21,1116.2549743652344,834.315
750161135,3.1480000019073486,2.37,221.1,23.33,41.404,59.689,92.936,127.457,172.84,331.65000915527344,259.26
760575220,14.182999610900879,5.43,332.03,108.586,152.968,184.591,227.073,260.556,295.618,498.0449981689453,443.427
750103800,82.51599884033203,119.48,5593.08,1173.3,1863.734,2408.771,3202.615,3873.865,4616.598,8389.6201171875,6924.897
750126335,21.56800079345703,92.1,2778.08,872.271,1318.489,1646.357,2096.062,2456.281,2837.817,4167.1201171875,4256.7255000000005
760706307,5.31,5.31,339.78,99.047,151.571,188.081,235.592,271.76,308.462,509.6699981689453,462.693
760562950,683.51,683.51,5913.59,2915.319,3853.393,4412.111,5058.487,5502.81,5919.611,8870.384765625,8879.4165
710962441,19.7810001373291,3.8,235.64,120.679,159.321,180.298,202.603,216.729,229.107,353.45999908447266,343.6605
720235790,14.947999954223633,17.41,1011.98,409.741,632.801,764.945,912.033,1007.937,1093.314,1517.969970703125,1639.971
720227605,31.159000396728516,74.59,3706.76,890.997,1368.711,1687.094,2085.031,2376.284,2662.216,5560.1400146484375,3993.324
760679701,0.04,0.04,131.07,30.406,56.478,76.944,105.855,129.324,154.249,196.60501098632807,231.3735
760536344,119.3,119.3,1169.9,521.646,731.276,861.784,1017.411,1127.055,1231.755,1754.8500366210938,1847.6325
740099362,7.913000106811523,8.74,340.34,84.974,136.304,177.548,238.542,290.841,349.373,510.509994506836,524.0595
760706339,0.4099999964237213,1.57,764.0,210.474,378.323,495.045,641.857,748.361,851.299,1146.0,1276.9485
760687921,159.07899475097656,38.6,1643.61,548.396,836.34,1011.535,1212.389,1347.482,1471.043,2465.414978027344,2206.5645
760706356,4.559000015258789,6.73,347.32,117.203,178.56,219.439,270.595,308.107,345.007,520.9800109863281,517.5105
760608067,9.73,9.73,1255.79,340.469,611.785,814.504,1088.891,1303.054,1523.381,1883.68505859375,2285.0715
750107977,1.7170000076293945,7.17,787.04,142.236,227.142,296.412,400.33,490.66,592.94,1180.5599670410156,889.4100000000001
760483151,8.887999534606934,2.51,256.75,73.961,118.996,152.671,199.238,236.687,276.396,385.125,414.5940000000001
760733018,40.7,40.7,1290.29,444.357,672.109,828.311,1029.42,1181.084,1333.855,1935.43505859375,2000.7825
760554854,0.34,0.34,189.67,30.207,48.283,63.471,86.869,107.72,131.83,284.504997253418,197.745
770461031,0.02,0.02,539.76,72.502,152.589,224.491,338.112,439.989,557.16,809.6400146484375,835.74
760536426,14.57800006866455,4.38,439.91,121.678,181.897,221.461,270.493,306.167,341.057,659.8650054931641,511.5855
760679798,3.803999900817871,51.95,4983.69,1528.163,2345.273,2860.404,3470.884,3894.981,4293.477,7475.534912109375,6440.2155
750101878,17.125,45.0,950.54,246.879,410.625,538.716,722.674,875.74,1042.568,1425.8099670410156,1563.852
750120319,0.11999999731779099,0.71,312.81,87.381,124.089,149.843,183.96,210.493,237.969,469.2149963378906,356.95349999999996
750278015,58.529998779296875,55.85,2274.72,697.94,1103.282,1413.201,1851.768,2212.708,2603.185,3412.0799560546875,3904.7775
760589711,2.01,2.01,528.3,101.62,166.823,214.222,277.813,327.406,378.607,792.4499816894531,567.9105000000001
740091279,0.8980000019073486,0.35,133.01,55.467,77.597,88.52,98.95,104.829,109.477,199.5149917602539,164.21550000000002
760741272,169.94200134277344,42.52,1288.22,466.928,680.985,841.75,1067.272,1252.051,1451.655,1932.3299560546875,2177.4825
750161310,0.4350000023841858,4.74,849.41,195.037,300.868,379.791,489.258,577.774,672.208,1274.1149597167969,1008.312
760659376,187.7220001220703,188.31,2791.1,1041.779,1472.207,1736.842,2048.35,2264.941,2469.441,4186.650146484375,3704.1615
760661435,7.05,7.05,342.12,115.769,175.751,215.421,264.752,300.716,335.925,513.1799926757812,503.8875000000001
760714687,15.928000450134277,25.07,1028.8,375.067,565.469,689.643,842.229,952.249,1059.004,1543.2000732421875,1588.506
760645077,10.359000205993652,90.9,5406.61,1850.936,2804.382,3413.213,4145.746,4662.916,5155.839,8109.914794921875,7733.7585
760518109,12.04,12.04,754.92,235.769,372.858,462.93,573.312,652.35,728.42,1132.3799743652344,1092.63
710708702,0.004999999888241291,0.0,225.83,27.528,59.49,91.939,149.989,208.677,283.544,338.74500274658203,425.316
750128611,0.949999988079071,1.8,419.27,84.099,147.046,200.724,283.872,358.034,443.618,628.9049835205078,665.427
760645101,23.35099983215332,8.0,445.0,155.088,220.626,266.623,327.561,374.954,424.03,667.5,636.045
740169203,16.844999313354492,20.22,641.31,173.744,263.724,334.796,438.738,527.139,625.546,961.9649963378906,938.319
760669693,3.2880001068115234,5.61,326.53,85.04,121.692,150.988,194.338,231.653,273.645,489.7949981689453,410.4675
750208515,31.827999114990234,20.3,909.41,168.021,278.454,367.399,498.766,611.07,736.314,1364.1149597167969,1104.471
760722948,607.2659912109375,294.03,5236.2,1751.74,2438.668,2917.468,3549.206,4039.111,4545.493,7854.30029296875,6818.239500000001
770479639,1.0099999904632568,0.23,574.88,172.06,302.882,396.189,517.256,608.05,698.426,862.3200073242188,1047.639
750159402,0.47,0.47,276.55,76.316,116.579,143.566,177.514,202.529,227.232,414.8249816894531,340.848
760696382,11.508000373840332,18.34,736.1,275.415,407.476,487.708,580.217,642.982,700.908,1104.1499633789062,1051.362
760598082,111.39,111.39,2548.53,980.552,1432.292,1749.407,2168.471,2493.173,2828.105,3822.795043945313,4242.1575
770483793,270.0379943847656,96.8,2902.63,613.451,866.084,1040.648,1268.952,1444.446,1624.471,4353.94482421875,2436.7065
740083285,4.859000205993652,17.49,494.28,159.817,234.877,289.449,363.806,423.081,485.667,741.4199981689453,728.5005
760534680,304.7980041503906,119.14,1170.07,521.68,731.406,862.012,1017.794,1127.572,1232.421,1755.1049194335938,1848.6315
760678058,3.7149999141693115,1.36,232.06,56.844,90.565,113.77,143.469,165.643,187.744,348.0899963378906,281.616
760669867,10.996000289916992,5.78,398.44,110.182,178.49,230.597,303.944,363.914,428.382,597.6600036621094,642.573
750145196,0.07699999958276749,1.21,591.75,193.797,294.818,370.23,475.083,560.128,651.129,887.625,976.6935
750077616,0.2849999964237213,0.37,117.93,33.292,54.437,69.445,89.138,104.17,119.415,176.89500045776367,179.1225
740118194,120.052001953125,37.7,1123.25,382.468,548.777,666.102,822.122,943.837,1070.164,1684.875,1605.246
760643253,9.37399959564209,2.18,154.46,45.993,72.117,91.42,117.913,139.101,161.487,231.6900100708008,242.2305
760635061,1.628000020980835,5.9,1520.52,325.309,526.206,676.926,885.825,1054.127,1232.829,2280.780029296875,1849.2435
750122687,0.10999999940395355,0.74,175.74,12.419,22.54,32.504,50.142,67.981,90.892,263.6100082397461,136.338
760579779,1.53,1.53,298.86,77.392,144.453,197.083,271.339,331.514,395.316,448.28997802734375,592.9739999999999
760624835,0.4650000035762787,0.91,74.93,38.192,47.08,52.421,58.704,63.108,67.316,112.39500045776369,100.974
760606403,37.85200119018555,9.72,1262.28,341.266,613.101,816.281,1091.402,1306.228,1527.317,1893.4200439453125,2290.9755
750118601,92.0479965209961,120.35,5587.98,1172.659,1863.645,2409.228,3203.972,3876.051,4619.753,8381.969970703125,6929.629499999999
760784591,92.93900299072266,77.06,1618.06,674.329,935.675,1120.056,1365.926,1558.495,1759.176,2427.090087890625,2638.764
760524504,0.42500001192092896,0.47,140.15,30.057,52.271,70.06,96.014,117.872,141.899,210.22499084472656,212.8485
760614616,1770.81201171875,939.91,6510.49,3538.858,4706.441,5395.271,6184.62,6722.036,7222.054,9765.7353515625,10833.081
760731356,41.04,41.04,1289.26,444.212,671.968,828.217,1029.439,1181.224,1334.144,1933.8900146484373,2001.216
760669919,0.10700000077486038,0.18,708.34,151.302,292.305,395.71,530.556,631.223,730.53,1062.5100402832031,1095.795
760454885,0.9129999876022339,0.38,136.94,36.525,61.131,80.274,107.6,130.194,154.683,205.41000366210935,232.0245
760758011,6.186999797821045,43.66,4996.44,1444.639,2237.399,2750.065,3371.541,3812.661,4234.532,7494.659912109375,6351.798000000001
730042112,22.36400032043457,5.85,625.13,142.906,257.905,347.492,473.835,576.48,685.729,937.6950073242188,1028.5935
760616705,9.15,9.15,400.72,122.06,181.774,223.191,277.195,318.464,360.518,601.0800018310547,540.7769999999999
750153484,48.39799880981445,15.2,1446.66,490.791,705.794,847.412,1024.474,1154.769,1283.624,2169.9900512695312,1925.436
760641293,145.93699645996094,32.5,1674.73,527.39,813.371,990.379,1196.186,1336.407,1465.984,2512.094970703125,2198.9759999999997
760588047,6.432000160217285,1.98,531.59,102.197,167.56,215.076,278.841,328.586,379.964,797.3850402832031,569.946
760766248,49.08399963378906,102.61,2831.69,1003.514,1403.926,1702.217,2118.552,2458.475,2824.89,4247.534912109375,4237.335
760667953,42.43899917602539,12.01,972.16,268.905,422.854,524.796,650.83,741.91,830.275,1458.2399597167969,1245.4125
760758066,21.11,21.11,518.15,225.242,294.964,340.677,398.2,441.004,483.849,777.2250366210938,725.7735
750145337,5.2,5.2,764.45,191.054,301.189,390.86,525.27,642.077,774.352,1146.6750183105469,1161.528
740149051,15.635000228881836,4.6,465.27,63.222,107.392,148.615,218.275,285.854,369.72,697.9049835205078,554.58
760713025,4.98,4.98,298.01,76.961,104.149,127.807,165.092,198.998,238.903,447.0150146484375,358.3545
760346444,0.06,0.06,57.6,15.472,25.291,32.607,42.665,50.698,59.163,86.39999771118164,88.74449999999999
760563536,3.1689999103546143,0.7,371.21,84.668,130.962,163.391,205.823,238.271,271.306,556.8149871826172,406.95899999999995
740106070,5.447000026702881,1.8,136.76,32.489,51.534,68.64,96.607,122.958,154.899,205.1399917602539,232.3485
760633181,3.7869999408721924,6.46,443.2,110.012,174.742,224.942,296.878,356.776,422.201,664.8000183105469,633.3015
760174431,9.597999572753906,24.2,2820.93,712.846,1149.388,1453.182,1845.267,2140.148,2435.671,4231.3948974609375,3653.506499999999
760524641,0.11999999731779099,0.43,100.34,28.417,50.726,66.83,87.911,103.838,119.781,150.50999450683594,179.6715
750161767,118.80599975585938,318.13,7636.78,2535.22,3466.591,3978.105,4523.569,4868.72,5170.392,11455.169677734377,7755.588
770561898,0.6819999814033508,0.31,703.57,134.824,277.471,393.586,559.883,695.379,838.992,1055.355010986328,1258.4879999999998
760739706,16.808000564575195,26.28,1056.42,344.126,523.522,653.245,828.469,966.756,1111.397,1584.6300659179688,1667.0955
710821756,6.938000202178955,20.23,1804.41,508.024,871.098,1149.102,1538.3,1853.563,2189.037,2706.6150512695312,3283.5554999999995
760598399,0.0,0.3,525.1,133.182,232.742,304.373,398.289,469.505,541.093,787.6499633789062,811.6395
720207749,63.92,63.92,3698.63,860.082,1320.997,1630.707,2020.831,2308.544,2592.807,5547.94482421875,3889.2105
760563592,4.658999919891357,2.15,517.49,135.76,207.412,265.629,352.886,428.791,514.882,776.2349853515625,772.3229999999999
760471441,0.5410000085830688,1.33,250.42,77.042,128.439,161.926,202.116,230.154,256.474,375.629997253418,384.711
760536982,12.66100025177002,1.89,197.94,50.491,81.769,108.685,151.022,189.479,234.652,296.9100036621094,351.97799999999995
750112663,1.41,1.41,433.42,71.107,118.999,157.723,215.059,264.164,318.994,650.1300201416016,478.491
760713121,3.368000030517578,10.36,349.7,118.523,182.258,228.752,291.977,342.159,394.878,524.5500183105469,592.317
750108579,184.8249969482422,57.93,1727.48,486.123,700.374,856.859,1071.297,1243.298,1425.924,2591.219970703125,2138.886
760623028,19.31,19.31,1273.13,395.087,639.492,806.294,1017.369,1173.024,1326.421,1909.6950073242188,1989.6315
760596405,1891.0269775390625,1051.65,7256.88,3797.425,5098.988,5919.057,6913.894,7628.499,8323.052,10885.31982421875,12484.578
750143417,0.32,0.32,230.04,66.129,100.179,122.497,150.026,169.941,189.315,345.0599899291992,283.97249999999997
740265917,37.55500030517578,17.14,369.34,81.65,133.448,177.282,245.153,305.873,376.272,554.0099945068359,564.408
760596414,370.4530029296875,109.24,2319.47,737.587,1068.157,1279.92,1537.71,1722.513,1901.296,3479.2049560546875,2851.944
760551363,27.82699966430664,8.04,604.96,195.046,315.277,395.808,495.888,568.396,638.799,907.4400329589844,958.1985
720205765,19.621000289916992,63.74,3814.9,876.463,1344.114,1658.178,2053.696,2345.356,2633.513,5722.349853515625,3950.2695
750143442,432.48,432.48,11764.83,3067.744,4348.339,5275.851,6539.077,7547.172,8613.467,17647.2451171875,12920.2005
750049256,2.316999912261963,0.87,156.66,53.176,78.949,96.316,118.38,134.829,151.252,234.9900054931641,226.878
740141033,34.696998596191406,38.87,1118.18,382.761,547.943,664.565,819.795,941.012,1066.93,1677.2700805664062,1600.395
750278635,126.49099731445312,242.85,11191.46,2710.151,4451.271,5918.218,8179.508,10193.661,12519.894,16787.18994140625,18779.841
740098036,4.57,4.57,143.36,51.238,75.466,93.201,117.509,136.991,157.652,215.04000091552732,236.478
740179957,3.2699999809265137,3.28,497.85,57.474,102.053,145.414,221.403,297.592,394.76,746.7750091552734,592.14
750161916,5.99,5.99,781.59,191.852,303.562,394.753,531.725,650.973,786.206,1172.3850402832031,1179.309
